Metro,2025,2026,2027,2028,2029,2030,2031,2032,2033,2034,2035,2036,2037,2038,2039,2040,2041,2042,2043,2044,2045,2046,2047,2048,2049
"Akron, OH",234796.0785337896,247409.3722060438,261301.53062217217,276586.1981999797,293410.38286041375,312763.86015635973,334145.397351033,356831.2620612338,381847.75313193654,408723.91683594737,435833.8843661328,470673.2513498853,506351.36635710177,544545.0729871806,589143.241107802,638329.8897679524,692675.4685068396,755417.2244715001,809938.1133949374,879711.6926009636,949319.0118560216,1036285.3727725624,1136957.1304406398,1248550.0790490122,1346429.2129868325
"Albany, NY",334971.70757961494,356026.99801289913,379245.9417199371,404864.6837246654,433153.266603234,465807.8239849738,502016.2899221387,540580.4306393642,583271.1216634571,630552.7121343225,682941.8030990752,743611.1595802417,811079.2694552587,883125.8678205999,963066.70360544,1051790.0932201825,1150284.3128310724,1264546.9758041955,1391815.8956884153,1527915.6257028838,1679117.3125096157,1847120.336977832,2042181.097516188,2259606.64325309,2451177.2415190963
"Albuquerque, NM",304697.4118883335,300932.2292168623,297121.8467773155,293584.09642420214,290286.5099381889,287096.4591050927,284140.07388636534,281515.94554484816,279090.4561640751,276854.65246776736,274799.9847316952,272844.7142040036,271065.94427842845,269519.972401112,268124.0436167253,266871.39501603413,265755.5685151744,264732.9963859941,263843.74501196167,263112.1648831639,262493.920676251,261983.9039884456,261563.1778596812,261247.9096546951,261067.7527375383
"Allentown, PA",293971.00708678673,288392.03454427054,282811.01265658665,277649.104141736,272882.06010550924,268820.12159091537,266177.40358743945,264670.57849534677,263977.8745512588,263914.66963469,264325.35177820845,265126.29347514,266197.8913271825,267413.1162592488,268757.64298153867,270194.5614678076,271697.26676380885,273312.3127626606,274962.3868662954,276570.10477884795,278193.9763217993,279829.2790002089,281541.3146320517,283259.3817974061,284636.9323674185
"Anchorage, AK",402218.4569295471,424306.23570861784,448494.9167352663,474889.7975686579,503716.08858368214,536618.261096767,572695.1635604138,610694.5848365552,652310.0156975831,697910.5808682163,747903.0855768342,805171.4358592505,868174.4096525927,934736.653924377,1007830.6202336708,1088123.0712210145,1176348.8331120568,1277630.6453529284,1389271.1045729711,1507427.3548988018,1637382.078589748,1780339.6718540515,1944627.8182549896,2125894.0129464334,2284173.5713132066
"Ann Arbor, MI",389901.4870769626,412347.81208617566,437242.46611171233,464865.3820522737,495541.3450129646,531162.0607784925,570895.5840281375,613468.3267274419,660873.8140002495,713687.3584459863,772552.7605764908,841138.9274593233,917877.6466659872,1000325.2659750724,1092352.5223460305,1195099.8207425012,1309843.3252881735,1443774.7742320811,1593866.5004681984,1755355.5091987352,1935833.6130162245,2137561.3629365694,2373214.4130659685,2637493.1944567733,2871605.0459699044
"Asheville, NC",491186.4420595413,533918.6222770946,581832.5394866794,635586.3203806122,695941.3497095047,766821.0970031199,846778.5042480254,933413.201369648,1030936.0668879048,1140766.66910565,1264509.6555872855,1410289.824152921,1575201.5092345,1754329.903531358,1956405.530333767,2184420.184286745,2441755.721677633,2745391.4008380566,3089347.4848345085,3463409.8934724946,3885834.474744272,4362926.550612834,4926230.754341673,5564710.57541442,6135640.642502341
"Atlanta, GA",401621.1557893089,445028.6694788264,496222.92566557013,556444.6930260325,627346.579677547,714790.8712565152,818381.3375065099,936244.2770544247,1075393.76340948,1239746.7817555622,1433941.090498859,1674194.2068459669,1959562.203797984,2284972.857946548,2669861.3790082824,3125172.422571823,3663864.5948291216,4331088.934562908,5124371.149664996,6029701.856560945,7101222.8189553665,8369515.078217375,9941006.975821707,11809983.112428077,13467207.962989535
"Augusta, GA",239312.21483387987,253136.73069123417,268303.48365117185,284951.44747732865,303239.00762431574,324235.85036160174,347392.8309738368,371923.819525383,398937.333978764,428698.83011918375,461502.148843095,499284.95682672167,541075.3098920232,585461.6025944214,634453.5431970778,688543.6123137233,748276.9513693699,817201.5273133963,893561.0071901339,974783.3868005398,1064550.2865569296,1163775.3695565832,1278368.040478113,1405421.6931623006,1516841.5322355495
"Austin, TX",478767.7841072388,518239.84716613265,571086.314383399,632891.1803684497,705287.3959249569,794155.3714853933,898987.6329504639,1017807.9790278568,1157612.1520257425,1322224.9718985285,1516168.4263641124,1755454.4977447367,2038950.4814924963,2361456.3254259997,2742072.701507565,3191391.6873292974,3721936.02784376,4377775.07718824,5156044.679529921,6042616.969308074,7090114.811861978,8327870.857892718,9858904.103668772,11676712.546081878,13370182.04241483
"Bakersfield, CA",332973.0974315891,326068.74548325647,304599.9563112591,278463.65741262626,257580.75514566604,240630.01408028783,228855.19598106536,224034.6346243665,223191.17709463867,224292.95586823797,226173.8606572618,228408.67835007032,230713.64595008735,232933.84106052291,235148.81075509856,237358.70886430057,239565.6018437906,241862.93565389892,244159.64340721848,246364.2745188394,248568.8498119776,250773.41817524575,253069.84741305088,255366.2766311414,257203.4200056271
"Baltimore, MD",435865.0216566375,474480.40853469656,518890.45171916153,569991.8388204853,628842.3768635658,699783.5660585192,781921.6875835512,873260.1340487223,978708.6425947524,1100497.8148730183,1241210.8791710248,1411324.8945802297,1608782.49123586,1828832.9791494028,2083341.0861255936,2377754.0753687485,2718380.345507633,3130680.3589283284,3609755.0400293376,4144128.063704099,4762648.662680977,5478619.380871727,6345632.575280919,7353453.762539513,8274935.291016858
"Baton Rouge, LA",240583.8167875558,250571.11435138297,261528.1486834959,273556.8978040987,286773.6960906523,301954.3166634057,318704.854657502,336459.6410681464,356024.0365883102,377594.4738430395,401388.7081706551,428819.4592602936,459188.790558826,491477.2564354126,527152.9587632767,566583.5812285113,610176.7194911634,660537.3333900794,716398.3981577539,775891.0865370091,841724.0230485859,914585.440072352,998842.7595090132,1092387.6861574731,1174520.6484888918
"Beaumont, TX",161908.15752770947,161588.81326633538,160939.46192237726,159931.09153801095,158990.58127195845,158099.98268918574,157294.40881042447,156598.9479036147,155975.8046064215,155421.73717897438,154933.64919701035,154492.63196032136,154115.93962314443,153813.24217669645,153565.25615824605,153369.5290500944,153223.71827214243,153122.82894587133,153070.6042135596,153065.04946714808,153100.88630391256,153176.25928717307,153295.16482201967,153452.61506775054,153604.91861891642
"Birmingham, AL",257099.46620650217,271818.4086724357,288099.13056734676,306102.1309336081,326025.7923752339,349078.4391260843,374700.9703369776,402056.4402701631,432411.2998423777,466111.5040545992,503542.91098046553,541229.5207120321,555446.0289137075,555229.8386083256,566252.4051974623,615029.1541338102,668712.4590597976,694218.3000857737,682042.86762993,678296.3413395084,655616.1896900475,648816.3618049485,652370.6463419896,676915.3678795253,653196.9389798169
"Boise City, ID",427871.1708397276,414603.7806237675,394562.97273973445,373524.52596108365,355964.4145803701,340876.8353515845,328534.1197763016,318942.1934852439,311739.553565099,309215.2824808687,309271.64971000043,311013.99533653917,313739.4788992765,316878.7925568046,320301.1716938577,323881.2414842714,327548.90575326,331420.8515553632,335320.96763265936,339079.8565550587,342846.58493692364,346617.6488822635,350548.3837797659,354480.5040493917,357626.7680497972
"Boston, MA",704456.2935554194,753205.3449850348,807394.396479344,867640.6554809274,934670.8978989284,1012648.3440104312,1099780.2660974518,1193292.637449479,1297580.358572835,1413936.287741633,1543808.404182195,1695338.1741824674,1865107.023519434,2047741.2698649736,2171914.7250936166,2303064.1206323076,2525649.189899525,2797421.596806291,3102326.592017101,3430701.805844762,3798031.906592264,4208990.816586673,4689514.385735986,5228911.755404631,5707129.623117806
"Bridgeport, CT",595972.3428603145,628073.2968006292,663748.3519888307,703405.1662920192,747511.3555198824,798790.9888168302,856046.8879324003,917438.21502329,985831.4074085348,1062048.7606651376,1147009.1403536026,1245994.164857224,1356722.5580138871,1475648.251880923,1608332.6184553078,1756391.4694153685,1921630.376559127,2114356.545228697,2330158.4457192174,2562139.231139613,2821155.822978703,3110383.292892996,3447890.763686904,3825976.572123287,4160564.724173093
"Brownsville, TX",183542.7971859525,179608.05882938905,175840.26017044022,172405.464388243,169279.2654323687,166328.75020601414,163661.53630463997,161352.84755363085,159271.04488505112,157399.66536088102,155723.44059996973,154170.84902104203,152797.41548445556,151638.17922653756,150622.4243532031,149739.73980214234,149122.65011116466,149128.87283507513,149534.7160430581,150138.11455902868,150847.6062141228,151611.08036705598,152435.18337099117,153273.57825278674,153949.58073903766
"Buffalo, NY",273905.4166190974,291971.2777361517,311816.0981668131,333627.0848258551,357617.80881568644,385201.0052597769,415664.94980570767,447982.7756440707,483621.6244247693,522942.23600829014,566344.5349428509,616410.5450783415,671870.9267845365,730866.2175011234,796080.3205235653,868188.742622686,947940.3662196704,1040106.7776116482,1142374.4695092828,1251324.8944584092,1371920.4140566734,1505425.9547716205,1659851.060122599,1831338.092294425,1981933.6379923904
"Canton, OH",200273.7841403509,211239.9296372307,223389.3988589016,236822.62876750875,251683.0967994982,268868.69346740993,287958.94226201513,308326.9337251277,330912.24982356525,355967.55620749906,383774.30995023175,416028.68091787014,451955.1720457336,490380.2792128757,533080.3316332961,580542.4622267738,633309.3130406842,687334.6836658628,754711.6862957882,827060.0362361325,907497.0881111022,996994.0096637324,1101052.3071893468,1217204.8491782057,1299032.3411175315
"Cape Coral, FL",303414.1282083968,278993.3721901022,260352.9182484689,246205.66874507672,237535.8592207479,235670.3824274149,237713.47653394064,241015.2873275516,244380.57117486268,247374.92588608028,249957.21693134468,252327.0360597928,254520.4927021115,256560.77785390092,258594.64112188015,260644.58523559687,262713.90463166864,264884.8692163984,267064.380864544,269159.89422126056,271255.72808567435,273350.79459885025,275532.1597282183,277712.79369284323,279456.99564893404
"Charleston, SC",463070.550650057,502811.8393166806,547752.7903901016,598605.4740008098,656199.3313447867,724446.1003797974,802130.0989899241,887065.4983069006,983524.0212000044,1093122.4108727109,1217704.2464700455,1365821.1105581303,1534913.8795274694,1720267.1077424756,1931232.507638154,2171403.5757362954,2444877.9913907084,2770520.209011316,3142785.0696528777,3551334.608880726,4016811.7106628153,4547203.553930444,5179169.680695599,5902012.462246406,6553589.164727271
"Charlotte, NC",482814.5144154853,527497.1203917124,578299.1404740574,636081.9302503446,701851.5096308818,780173.052690458,869752.0772181553,968146.8079212912,1080381.0383107895,1208449.2206954348,1354633.2339602716,1529163.0776470276,1729227.415231664,1949412.592053679,2200988.8594399425,2488480.0827374677,2817062.075260349,3209813.931770032,3660483.749811988,4156916.985495941,4724552.258041377,5373650.709109974,6149870.337637956,7040913.351781451,7846653.890137563
"Chattanooga, TN",321390.7119570842,342451.7898577065,365708.206924607,391405.43561776215,419820.6885368538,452667.836490256,489139.99105332786,528037.0994314459,571151.394413944,618961.8385104098,672001.7918910299,733500.7899196795,801974.3415742669,875181.503147914,956502.579340192,1046859.0994247365,1147277.254388064,1263902.735303414,1393947.3361043164,1533167.4272220524,1687998.7816332018,1860214.432059884,2060379.246946347,2283729.354796509,2480702.434907455
"Chicago, IL",335247.8349146167,352549.7560093888,371660.1959729595,392744.4320614464,416001.10011676134,442805.0503642181,472471.2332922918,504002.3432131346,538831.1299066765,577315.0644875249,619850.4088933083,668976.4020376027,723454.7058968865,781461.256866035,845635.7863018514,916647.0057475372,988216.650576131,1055482.898464873,1138678.3036749265,1229507.3927508283,1334109.1708073758,1457892.1060747672,1600712.3543793347,1718980.7245739594,1777437.1681017478
"Cincinnati, OH",274449.8807801607,289312.0515787701,305696.5892073715,323764.40555317077,343704.55631054484,366710.3223536382,392207.4384504059,419350.827954038,449385.87202868355,482637.3459526905,519466.5020381722,562100.4461629839,609494.8959913246,630290.4970861789,646566.0092995646,682972.3733549254,730214.2025623018,768376.6929043455,825535.8877305634,877918.8984236635,939493.6773888632,1000825.321318476,1016298.4802157378,1078547.215706274,1099232.597441431
"Cleveland, OH",205018.43057379103,201889.64138981816,198969.66479056704,196247.1977288779,193711.7835206679,191260.17267834072,188987.77564388711,186969.0256626856,185100.0718673357,183372.98364642716,181780.25025636528,180257.2264664128,178862.92694018778,177641.29900793135,176527.2654846198,175515.1300339787,174599.4978990372,173743.45220659891,172979.8655510439,172330.78808277714,171758.9926679245,171260.3877875255,170815.13448801645,170440.00444049615,170187.4431825184
"Colorado Springs, CO",480653.0746072176,514227.8061791112,551580.2116656463,593100.488325643,639297.9082170712,693053.4236206727,753145.8354573942,817677.5189852173,889698.1088831652,970122.6744036992,1059978.097084737,1164936.1243389875,1282671.6873975815,1409495.792229697,1551420.3125869136,1710290.3678048856,1888176.53229745,2096377.8325559085,2330343.3887012037,2582772.1411641096,2865648.9374081963,3182694.223021211,3554102.635218183,3971804.728770044,4342754.95997602
"Columbia, SC",253920.34312434777,268129.4537104172,283781.76602090476,301031.19858451426,320054.35745756904,341983.8480688659,366265.9548775011,392090.4558615493,420636.89542238833,452206.25956070394,487132.816649305,527515.3200521815,572350.7012583439,620150.3930949139,673101.9919379099,725046.2416929466,789323.7717073028,863768.8906398701,946543.7829484504,1034907.7168226466,1121330.9077288106,1204247.6932319778,1325933.6238704654,1461311.700468689,1580400.2436588083
"Columbus, OH",270848.5938341077,268498.4040490284,265823.15163200983,263334.87172441086,261025.70795381945,258803.8714005463,256757.7085008157,254954.80743684268,253302.22366957949,251793.64103700547,250423.0087750517,249136.6261736512,247985.5426358597,247004.82012283176,246139.86789794324,245385.8214252219,244738.02057097017,244172.09912686623,243710.38133677843,243362.8783522295,243104.5384906824,242931.61521901368,242839.01417725612,242830.188079888,242880.54126441036
"Corpus Christi, TX",215257.82052907933,217997.18775544103,221912.9099790207,227155.2869782734,234610.0363447684,244962.9469642926,256385.08302023076,268334.14523697295,281337.0760957774,295498.06830266764,310931.6157715745,328508.3533923523,347736.8005916131,367941.9101620936,390017.13802901655,414147.3769561609,440535.7994782497,470685.7530271556,503766.70971995057,538622.3977366298,576796.6610511235,618617.5968537476,666479.8767274998,719075.3450591668,764840.1619059718
"Dallas, TX",377973.1446832861,408407.7227932039,443933.0730723587,484246.288414937,530071.1279489241,584594.5513288738,646928.4842613083,715394.3848039908,793513.4109904136,882705.5398946381,984599.6275554504,1106384.993506461,1246169.6077620585,1400239.8203078883,1576555.5731174669,1778389.1904451717,2009494.35622012,2286284.2572365664,2604553.2622918626,2955897.8333923146,3358507.0497371624,3717244.1799659184,4187806.7521846495,4797138.016898098,5348247.540563602
"Davenport, IA",179895.28736804426,184851.59300498615,190125.9768842839,195741.45454414564,201723.33837134088,208376.4958214792,215483.68167021128,222775.4863802093,230558.09659010833,238867.9347131858,247744.12605050087,257642.48716969037,268242.63899499725,279143.57218578964,290803.14236803155,303277.64758654044,316627.56373388716,331542.0290911642,347541.2508132812,364020.8060304709,381672.98479183787,400584.80686255073,421735.4850086611,444447.03708520654,463807.13402995386
"Deltona, FL",295469.1405016368,276305.02091234335,260288.43064957124,246952.11572654743,237612.9205768431,233874.0744316308,233922.31672622936,235881.0122031097,238655.4111086499,241696.49894717612,244739.04823513608,247762.72070754052,250471.0795390006,252784.80521513228,254936.55054587175,257022.85336548032,259097.6323478172,261268.5234808871,263451.6177017487,265555.13900950254,267662.05983395915,269769.86795757874,271965.27519924875,274160.20621441404,275915.8882219939
"Denver, CO",601923.4482052339,650312.1814144639,705420.9060288132,767613.6925736341,837882.1551761193,920962.5681820592,1015341.8257235952,1118344.4543318562,1235135.246595533,1367644.244629342,1518071.654339035,1696697.8333738556,1900394.0308696656,2123452.4200998326,2377104.1603842103,2665631.653458124,2993916.743876688,3384541.0710997754,3830791.070811261,4320230.692711485,4877551.226973706,5512254.5204658685,6268115.206129445,7132243.7024421105,7910853.703381869
"Des Moines, IA",299117.0296758884,312916.65885526355,327718.8410063737,343601.15594382223,360652.40083285776,379770.7401037821,400359.6701876982,421655.3668174778,444565.024745698,469221.32690721145,495767.86403324595,525614.2581769696,557838.6923131217,591248.7810785727,627268.7491388057,666113.1533390036,708014.1891331204,755208.5384681182,806248.3315224902,859248.1720585075,916468.3553870752,978255.8337358212,1047918.459099179,1123327.042197455,1188068.2110549752
"Detroit, MI",237250.05883361137,242632.08241917283,239144.6238610981,230145.30256620605,215362.39126492455,201597.33501507295,192213.28719692476,188596.83163013228,188002.2548870869,188779.3146244567,190161.06013997676,191938.54156522363,193945.04886392088,196074.5949991045,198427.31086391836,201054.83511643577,204035.10935807263,207643.076473247,211942.96734211175,217016.4011502527,223447.20652937095,231946.5637250253,244341.06835770883,262147.09682729276,279768.1052781298
"Durham, NC",423046.4707971944,455010.6082775695,491171.9616154915,532031.8098387105,578223.5132197534,632854.1799830738,694921.3675176877,762655.4400634823,839440.6442545507,926530.7241929304,1025353.0915023144,1142633.801792388,1276286.4545875916,1422534.920909023,1588710.1821401538,1777572.4601529178,1992264.31752267,2247473.977347605,2538727.7926007374,2857832.042296549,3220806.7424736335,3633728.744803304,4124907.991166547,4655038.334608846,5115862.135664046
"El Paso, TX",186426.53344301495,184640.74064089893,182979.6367854584,181437.73026221176,180009.91213063765,178639.40439071594,177380.5916349944,176274.66865360714,175264.14728674173,174344.93850685647,173513.12854703094,172736.1380755014,172044.71292470762,171459.49471621515,170947.3600915893,170505.1766008315,170129.9460545044,169807.62680922434,169550.85593359623,169402.85128657497,169634.04965766016,170218.2123440913,171073.5344844024,172072.50406224417,172930.71077349037
"Eugene, OR",509998.04650611704,565150.2965966299,630079.3189394571,706076.0475556072,768808.2451375293,734105.781968981,694766.7614165967,660437.7373387027,629173.2978043741,600722.8728728498,574856.3799791682,589929.7749210692,656992.0023986957,732068.7445353802,800579.3257457799,771884.9269107819,733591.5932774387,697324.3980464587,664376.9237825628,635668.4675589986,609565.040812307,615723.5674708438,681202.9535796661,758137.9140110365,829234.9200667484
"Fayetteville, AR",321536.60861834296,341399.8111009848,372951.6002687826,410052.80503559904,453142.2494572424,505559.32942873094,566824.8524950139,635617.5551542186,715812.4633323896,809357.4193718353,918533.016132662,1034731.7586413168,1188109.8143954996,1360909.6314123103,1562879.2322169167,1772127.3984799366,2037741.904139363,2368972.1874484355,2758113.1143905013,3196989.917447937,3710490.5088814017,4311362.893846607,5047169.761260628,5912078.610851056,6710731.433932165
"Fayetteville, NC",221071.21989300463,219549.38963706748,218105.77205558136,216737.95699696225,215443.69752727496,214171.877615655,212974.1147776784,211893.20649181024,210877.34932115083,209924.61502436025,209033.13251691507,208168.0978646599,207364.7326020489,206650.91357276557,205991.26442048696,205384.17944489745,204828.100541756,204301.80731455435,203826.8679072105,203418.7343348965,203055.70952920849,202736.45637873292,202449.3457122374,202206.3051258083,202042.4419119008
"Flint, MI",180623.27367142413,202017.83123373252,227408.55104284265,257481.70659160745,293121.8669147782,337364.081573882,390103.9079507468,450473.0363082282,507217.02356916055,500913.23336905777,531536.6106612303,609245.2716508615,715560.2608743954,836828.0532409552,980940.016987846,1152240.0477195322,1355883.3024648763,1609360.940687718,1912208.7646606169,2161025.0639119856,2509325.4992735307,2900146.64823652,3463929.6694678655,4133335.343511577,4760447.595312414
"Fort Collins, CO",532188.0564696917,539958.4869828426,549480.786421752,561867.6091596335,579562.5767406044,609314.544790667,652654.4285506075,699983.033935351,752684.1236713594,811424.9493853414,876955.6338856752,953409.5046386308,1039096.386854473,1131344.3670268285,1234543.7257762563,1350054.601837926,1479406.0603854368,1630847.4085176429,1801109.509888734,1984922.0325294351,2191058.061932061,2422290.1318044034,2693438.1138840076,2998712.2886608355,3270096.151157753
"Fort Wayne, IN",222580.8746901972,234232.8004985459,247009.09608244055,261013.60534175523,276377.33319597394,293995.6858064064,313405.1595909242,333945.78843175765,356545.2957892462,381424.0773329609,408826.12131006987,440367.0456939309,475233.0382564003,512245.5700879775,553080.239443187,598146.1926373177,646183.5862130183,685983.4159716658,742982.0697431756,791289.3335558455,856637.7109085683,933452.3043902892,1022032.0161065884,1120219.3010586395,1206309.283675881
"Fresno, CA",358500.06398770463,330485.4511521396,305995.2509278813,286271.77828633005,271164.7761144697,263350.1750030474,261985.38612102976,264112.5142656181,267564.19311346445,271252.998267903,274711.7321927749,277939.2112095206,280838.4379659498,283405.51244182617,285854.58401052427,288251.55687515956,290635.97942003113,293126.7453439892,295630.63985360326,298045.9289309113,300469.0766357674,302896.7404069128,305427.6855128833,307959.14540401375,309984.1514383616
"Grand Rapids, MI",306268.18631467695,327355.95591922867,350924.91516624735,377288.1512215224,406807.671953082,441384.1405810109,480294.4893339276,522359.7464709732,569615.5374176573,622734.3131182826,682475.6427768682,752735.9838887869,832089.7237016269,918154.666344794,1015110.4486144464,1124368.0150607345,1247521.1028000277,1392653.768556751,1556866.3113634086,1735251.9162038125,1936488.8099712953,2163537.453262227,2431342.979697469,2734590.5019359924,3005525.5673835166
"Greensboro, NC",303348.30629480997,323527.48016548395,345841.05513013224,370522.6234854751,397839.3581469057,429441.0445471183,464552.4131718246,502017.0337003637,543559.0903192558,589638.6267481622,640767.5919283866,700056.6496979584,766070.8580932826,836644.9059402422,915032.0177971376,1002113.716010227,1098870.9821962882,1211213.7727484484,1336443.1006125684,1470460.466573865,1619448.9977160897,1785097.8414261995,1977543.4467744748,2192178.316890946,2381382.4007414896
"Greenville, SC",329561.73408214137,349664.61141069984,371677.51635635033,395795.1819613205,422236.77113064093,452533.0074069176,485875.1516644264,521118.75698880106,559844.7992026885,602415.8948258873,649232.4186332922,703028.7548756382,762389.4667232702,825285.834134718,894544.044055642,970826.537547713,1054864.733827836,1151591.9083550896,1258484.2868436852,1281887.0987756583,1254541.4855878053,1227976.057602132,1201112.57773098,1175035.9416246514,1154722.0077462888
"Gulfport, MS",206771.55739421255,216510.62509010988,227241.84198607743,239054.76026396893,252063.76662401183,267038.1717891258,283595.2925364227,301179.672015196,320591.94053897815,342032.44551754184,365723.4939588063,393081.1805856734,423418.5843788172,452828.764984711,485266.5189316487,499771.6901255256,519999.2874533323,559395.5204173104,608556.5018729431,653211.3855823143,684407.5739385836,733209.4546208852,794069.3130251673,846547.9523858236,900706.1727182312
"Harrisburg, PA",285935.20936924947,299977.5062008814,315193.79425196914,331689.6370741241,349584.4460000479,369865.5109724689,391943.69033613056,415028.45159071265,440127.0737147008,467427.495369048,497135.1941325232,530903.8505054015,567764.8994136418,606403.2315960316,648506.9237745142,694399.3722309686,744434.1534176589,801411.642333461,863710.3793786932,929112.5875112206,1000477.8291804506,1078362.589968447,1167138.3222048131,1264289.0405117795,1348505.2887287473
"Hartford, CT",348830.6421702355,372345.9405814707,398941.2759467725,429031.53645398025,463099.2428795294,503446.208478723,549339.011301906,599471.276628505,656348.052498328,720900.5080585975,794188.3727093791,881203.1022946538,980397.798093306,1088967.2220010413,1212349.1813699508,1352588.743210483,1512013.32316194,1701521.466391885,1917779.6873769616,2154690.8906007577,2424133.914389198,2730600.2081096834,3095072.1532415594,3511166.429074677,3885605.029063386
"Hickory, NC",248648.1501083118,266770.80433504074,287129.5657234494,309974.72324296145,335625.7228412331,365751.7917169916,399740.9448015429,436576.255501037,478051.9176426826,524776.6996089792,577439.2343019373,639506.1820341614,709750.3955087968,786087.4160417292,872247.0238647644,969517.8458588454,1079357.5640824623,1209036.1947236864,1356024.270421258,1515977.587100761,1696723.1270447886,1896334.0374843983,2114705.45196465,2385803.0073598423,2581085.1989006745
"Houston, TX",293321.0114393718,292294.11912787455,289708.6785059675,287082.8383801255,284648.4253740438,282309.10319251666,280158.2325778938,278266.8772130126,276537.3773930838,274963.2165453907,273538.14046524384,272206.7410133143,271022.1089477521,270019.96992222965,269143.8851168548,268388.7793796329,267749.78189260693,267203.3596478899,266771.2408608463,266461.6296831243,266250.19040567137,266132.97046494053,266107.59469657013,266174.97371477913,266292.5547644383
"Huntington, WV",149709.3408335083,156091.65978808195,163061.02248756512,170675.64248758534,179001.69670668573,188516.20961955324,198960.47713996633,209973.0619504227,222045.5727216036,235286.7143591432,249816.3404308908,266475.48726540816,284818.5204063846,304213.7443874664,325528.6090959398,348959.9908909611,374724.9575665952,404323.8103489954,436972.3636330859,471549.4551702384,509603.22400260647,551490.2345425185,599656.7938357884,652832.915564828,699289.8560126512
"Huntsville, AL",291225.56875258364,293150.5133456052,294371.021871026,294461.63018619193,292693.22436394513,289686.6364468311,286862.2778715757,284361.18527536874,282056.7381416948,279941.43868708564,278008.07500681275,276181.3587210497,274534.56365880655,273119.644039232,271859.9558079335,270749.58023522515,269782.8242633127,268923.5652855853,268206.3356277699,267648.8379740975,267213.8795521763,266896.7881330407,266687.76473063434,266595.3032052486,266601.5229139249
"Indianapolis, IN",245765.14200982172,243906.61386368345,242176.74874253583,240570.1709096648,239082.42103701315,237655.1961381619,236345.95608622345,235198.1627175446,234152.57332168543,233205.48455267865,232353.32725475487,231563.54008576303,230868.01082564183,230287.44424474635,229788.52825719677,229368.30426571704,229023.92087736947,228743.3817094901,228538.1450369493,228410.7350458273,228348.55558547456,228349.24303717448,228414.77646621724,228542.7307510588,228688.11611779325
"Jackson, MS",206660.20859422637,216393.266485453,227036.91482864847,238680.35414945649,251426.57395058303,266008.8875153173,282033.6035109477,298625.74741782626,297930.60130141577,289558.89280290867,281719.2330273118,274068.49997321446,266904.4567292264,260468.01163218755,258982.3194853067,270475.10945857636,285165.65129916935,301315.84789984266,310221.945754658,302003.9613638435,294004.51742121624,286495.9890688955,279170.73464649473,272313.8099411485,267145.166637102
"Jacksonville, FL",331584.7035316096,322884.69619645184,307548.98437705025,293825.9097341607,281944.43489719724,271306.6810862697,262202.27416081296,254760.0557844862,248431.40730621785,243087.25202859085,238613.47485996192,234863.7996755041,232880.12298829985,232869.7891700029,234203.5151047739,236288.33778142452,238684.99784538327,241238.53228354888,243728.9629880771,246032.582544186,248265.30758441487,250451.9114736529,252704.3807208728,254947.9232030542,256742.3841270127
"Kansas City, MO",267732.64913253085,265465.46115189703,262316.66895215656,259385.73478457343,256663.10483601553,254040.08759203553,251620.61340246175,249484.5935916486,247522.0914611121,245725.513639998,244087.5990537391,242543.72035503437,241154.87835983725,239963.77883324915,238904.84598377463,237972.2960169764,237160.5982451675,236438.68855530737,235834.86876787423,235363.50554656624,234992.8123579106,234718.3837436817,234530.980964375,234437.64246087428,234427.3271839459
"Killeen, TX",252697.69583649977,266585.63269171276,282552.5517266746,300460.7809927543,320564.0796456132,344169.31795894296,370794.93675286294,399642.4059204149,432114.8716687102,468686.1769005028,509892.10308634577,558440.2916360005,603568.8555092,656407.2823722494,721555.8498201128,795074.5267301461,878057.4153138846,975985.2696178046,1086935.7282984252,1207619.7853101245,1343933.295843087,1497919.2702726352,1679771.5758852535,1885940.910070488,2070337.2704071784
"Knoxville, TN",351943.7552852526,380397.1634157144,412328.5022005206,448140.3025548277,488336.7258199076,535527.8625806078,588747.5639502348,646396.4712337994,711275.2588830724,784325.9501083535,866613.309809137,963536.2169720458,1073158.995771215,1192212.0395173037,1326495.666106913,1477994.3568619022,1648951.1627306014,1850639.821280332,2079082.2347020824,2310840.5082992883,2542664.0933797956,2734568.8546201545,3024409.7601106167,3334138.5714115067,3591100.557509252
"Lafayette, LA",194672.90298005307,197560.1049746148,201782.60528831833,207558.99215433025,214100.0200663152,221481.60766561405,229488.18031337307,237832.7938451456,246880.1525093197,256697.11796546855,267356.91332814336,279450.9790342956,292631.4332337007,306428.9744961287,321448.07173829555,337804.9481203502,355626.88468532055,375912.4775152245,398086.4994484612,421362.6641397025,446762.2145974687,474487.1772602473,506099.1185376538,540708.4630182858,570724.3487055019
"Lakeland, FL",304565.7511782163,334808.6068518895,388424.0559500646,456165.7710863136,541432.7245061971,654150.7998259886,670465.9499803504,588197.8790542226,530529.2609170311,475845.50881944393,427357.016813607,419441.3795623001,492223.57443865814,581970.7027757884,692343.711349401,669467.5344753115,595469.4836315638,548963.6515254129,490128.4584302353,442433.72250407975,439451.1680835187,510869.5135664817,604867.6403999692,716653.1210280639,694496.2918669281
"Lancaster, PA",357688.3932049468,380133.1075548542,404991.0115715422,432538.5225163058,463092.81106717425,498527.5198313879,538004.4245623908,580250.3355572663,627236.326322653,670641.2315550238,668669.2921975954,660538.854548597,652632.9117867188,645254.0402645628,638075.8475454424,631094.0625129837,624304.5049544593,617433.3785000299,610759.2083212606,604536.9756599673,598490.8046567856,592616.948130551,586678.8210519998,580917.2473917876,592139.7071103635
"Lansing, MI",210427.21163739267,220261.4305512899,232173.69151009247,245213.71366472868,259527.2536718482,275954.859650202,294066.837528472,313248.60195477924,334367.4273018096,357631.1434650512,383269.87865098374,412798.5774927228,445458.40921251633,480147.23925914,518436.9040770128,560713.7420444745,607405.5423011634,661288.1076495826,720991.1878849877,784506.3597189494,854715.183086682,931168.5812358907,1008164.6345783516,1106832.1641703255,1192793.5651636266
"Las Vegas, NV",398527.12521666614,399508.01498010725,392135.54771583393,377243.0818686215,356598.84130994714,333992.3259725446,316137.9141863176,305991.10577735637,301186.7694682408,299582.572832807,299690.0131961511,300741.49701748346,302281.5710649105,304013.8212371831,305886.9194312105,307845.8790633968,309859.48524089134,311995.1567666856,314156.30865485,316247.56943779835,318349.84150314145,320459.76117510203,322663.24234289833,324870.6418595714,326638.5392916893
"Lexington, KY",292074.83516314835,306166.6405185038,321411.9755267209,337911.0550926883,355778.8556301298,375993.8919733027,397961.8835072229,420891.64959529927,445779.8718361709,472806.1532147455,502166.56746108533,535483.5538993666,571789.9226965929,609782.7027892055,651115.3139880755,696094.040217362,745053.2536006613,800713.5028267356,861471.6615345458,925151.9826295632,994527.8470240324,1070121.5725527408,1156146.0241940168,1250133.8461479945,1331492.0082257958
"Little Rock, AR",220133.48517197935,228273.40995712765,236988.7383343738,246315.94632781693,256299.62952016853,267457.8479416503,279435.7515332879,291785.12819356454,305029.1536984541,319238.83151889994,334490.8073757253,351584.7042745815,369982.8720370188,388998.7333438653,409438.3814600802,431414.8292047412,455050.0597738136,481590.07380814693,510205.7937291188,539831.1288594544,571722.3758927201,606059.3911842394,640790.6748980215,679634.9913503974,704816.8288733354
"Los Angeles, CA",935062.7437615964,1033241.9009030171,1147376.6451740763,1279995.7065819465,1434253.662641952,1622156.356034245,1842031.7726896368,2089164.9918741593,2377497.0460798293,2714065.035765215,3107108.056125837,3438237.781506372,3407767.4450214542,3529673.9624223863,3717380.481691211,3735143.523319453,4263765.292400432,4508112.387192219,4826142.399528166,5042193.625371144,5307020.885588507,5612007.295435739,6282342.930275508,6954642.900493725,7021838.092705131
"Louisville, KY",265843.49881973886,278570.4808476861,292316.38861979306,307167.79714342626,323223.98123339436,341357.42379944253,361028.3546151628,381523.8401165828,403730.9436228992,427803.3697428376,453908.6258767953,483477.75686229987,515641.10734184965,549236.8417048203,585720.6064612645,625351.7489540743,668412.9061163134,717277.5899828952,770519.5266738291,826219.4436090761,886792.3634747475,952675.8856689543,1027512.067635878,1109125.4360821424,1179656.7455444303
"Madison, WI",417424.91995566245,441659.6063159196,468112.8160176311,497002.61655867536,528576.7845583837,564639.2634821989,604204.223408895,645898.2917828321,691578.7920184662,741651.1038758871,796561.8301325586,859479.1455023718,928709.4767980569,1001860.7280363603,1082197.288148458,1170449.8302998487,1267423.3297193332,1378744.907676387,1501445.3253894672,1631296.297837525,1774098.366755558,1931168.5275324376,2111647.090591264,2310742.2258789293,2484560.4647593647
"Manchester, NH",461777.8213308379,499297.8315721494,550893.008783108,611554.350450523,682295.5972337859,768690.4740818151,870043.8765715504,984247.1703148488,1117809.179750101,1274084.766788529,1457010.1903008667,1681150.57105384,1944839.167515135,2242672.065832901,2591686.656943094,3000752.7189050387,3480277.160703772,4068597.0757081457,4761476.851969909,5544800.325100533,6463440.919407085,7540849.067397237,8863281.35713322,10421323.85283458,11862913.290580494
"McAllen, TX",192074.69375814972,205613.1038355455,220816.16685307203,237900.55261896367,257117.46361189676,279730.0421875935,305291.85911332414,333048.79428386036,364363.3003662216,399710.3998582187,439628.5423485122,486772.2136671468,540237.5430554175,598461.1279514133,664310.3246813194,738803.3384392032,823094.3296499782,922820.1126835264,1036096.296195535,1159624.7900994846,1299498.6941955944,1457900.5194638756,1645448.1184967745,1858619.44988907,2049710.5898586777
"Memphis, TN",219426.89467873168,220171.4406738328,220346.64988510497,219510.7862844288,216879.9890012067,212988.32692268348,209363.63415257251,206173.5926933744,203247.9921825568,200570.84107673264,198127.11488947575,195816.0602590209,193725.03431675475,191915.8440460592,190287.59047893152,188829.331826049,187530.78798115952,186338.58408640823,185296.92898440268,184432.54950679847,183691.97116853527,183067.7073405443,182534.27948963037,182110.49087204924,181845.23817116284
"Miami, FL",496212.5428091115,558865.835141941,634667.5151418338,725059.8681133059,832975.1668516686,968008.2941203011,1130314.6350311146,1317690.6396574136,1542080.2964713962,1810922.201731729,2133149.878866626,2537722.409322951,3025386.0810267,3589700.401238488,4210465.61669821,3796964.0985108074,3137347.2709927005,2582053.734377126,2133537.1434253654,1785985.1648589636,1503847.74859799,1274925.20820201,1082624.3884396965,1000001.367662703,1076387.0793415993
"Milwaukee, WI",365244.809739963,387765.3215354232,412675.0912805528,440238.26414555224,470757.1671467595,506080.85070728767,545349.2110625947,587274.5873737554,633792.1138899022,685425.0172024464,742756.1399984705,809287.4794125382,883423.5841915793,962744.7349865612,1050918.8860769938,1148954.7425272977,1257975.9405973104,1384671.119206297,1526027.1836786934,1677441.969867918,1845924.0580252148,2033418.085376006,2251450.4627991486,2494855.9128318713,2709605.527524912
"Minneapolis, MN",370017.6201480017,393653.794064669,420745.5436198924,451076.1813985386,485064.1982432487,524901.5374975284,569757.6715822149,618273.7463210315,672796.9072077638,734103.3188676537,803069.4327389909,884193.5558156096,975828.6139544334,1075221.0509302225,1187194.2158591202,1313373.6416128974,1455594.893195571,1623186.528563131,1812791.3682188103,2018734.9111362456,2251026.4557191865,2513070.379120721,2822096.030885296,3171949.0298594013,3484464.954729164
"Mobile, AL",171689.22162185443,167508.9861085985,163724.4715451956,160303.86344984718,157218.3431105637,154334.04186619076,151752.8897302446,149542.49596094826,147571.34988668546,145820.50485214047,144272.51463755107,142859.66792943608,141630.34108051183,140612.13340670455,139916.6340127351,139732.4953124863,139920.62976839163,140377.4091761609,140993.5934430974,141676.42294713366,142411.41200089932,143177.2964414783,143994.4767034305,144823.02581881706,145490.79514758982
"Modesto, CA",470442.3807023229,529366.3831964554,606346.531626273,700730.2688181135,816579.9892368852,965735.1836958932,1150173.353006871,1369191.0436526784,1638767.766731478,1970705.4139238328,2379560.768381463,2907496.630185555,3561859.7561136135,4340390.407956171,5300086.0600311635,6483235.688336812,7941999.698168852,9827196.496059112,12165412.155905636,14948810.40246731,18381365.79721446,22614609.767428663,28086493.12981601,34874443.61914586,41446638.17019194
"Montgomery, AL",190375.22187979252,197186.7902209847,204601.9063555291,212677.53498148872,221478.26284074635,231499.59418134412,242460.16986799135,253974.0721189971,266549.2775268141,280289.56325529487,295308.85408697027,312460.1573774109,331268.19709312683,351073.2658342885,372750.37096890225,396482.56540347706,422470.8014650133,452198.6875053849,484848.89678824274,519278.7834375869,557010.7617050688,598367.7192601658,645716.8071183958,697761.4471770512,743052.9055118453
"Myrtle Beach, SC",296258.2153683352,285985.46966843633,276921.2529095515,268942.5241206062,261940.0428510236,255583.77235450537,250069.24573652423,245500.4311267743,241564.69988194303,238198.3402761049,235344.0523519027,233742.20807627484,234064.35198995957,235549.54235530677,237501.9082118869,239524.2232845059,241458.96813172437,243359.8235304943,245182.25213376377,246896.33793166897,248601.91696915784,250310.646367615,252096.9096553496,253888.0929287269,255322.9991427408
"Naples, FL",487399.27740953775,461331.72995129856,439308.8349306399,420749.0440969607,405509.7755885773,396710.43692606594,393767.7383573869,393974.99422931694,395608.6121963377,397933.6419975565,400597.6045654631,403551.56200345705,406595.0777236871,409560.290919147,412546.9658365654,415544.7624335638,418548.3376890805,421680.25108105846,424813.8026734096,427822.8222742185,430832.2438946107,433841.88215106056,436977.0262608875,440112.23210504703,442620.42375281104
"Nashville, TN",404880.1965700265,400749.9434217401,395835.9731833001,391286.85237341654,387078.13667884417,383042.411826082,379339.6645519554,376090.57331158576,373125.64308602986,370432.5801837744,367999.6227767325,365731.4720521423,363717.75199937704,362018.05085413466,360535.4792772008,359260.6435664413,358184.55642056646,357267.02237945946,356543.900728011,356028.1002058598,355678.21001966606,355487.0523709888,355450.36934182286,355884.8689541282,357180.16146386473
"New Haven, CT",377915.27842270565,411818.2240043784,451285.2624487459,497241.07042576047,550785.6093679954,616095.4950223257,688228.864108362,676114.5315144829,637578.1019772558,602309.8307041818,570040.9426137172,539369.3502480728,516100.90397468273,554802.1878315377,616054.8418384985,687489.2995895653,690859.3567690878,650468.4789043835,613601.4538242057,581300.439837571,551754.6906745412,527347.2585246866,563750.0352047153,627353.8582102727,685892.9951674524
"New Orleans, LA",239626.67050297375,240640.19245786275,241864.87092375252,243087.49283122105,244306.23103549937,245572.321075011,246834.4744500883,248041.94025682833,249244.8712000396,250442.79527804945,251635.19789252977,252870.67223361036,254098.73253417548,255269.8215081951,256432.47911851085,257585.8741056521,258729.1029709356,259908.03282922745,261073.90227661424,262179.38593735127,263270.0573286535,264344.64643606794,265445.37265780324,266525.9952863958,267375.1752852468
"New York, NY",692359.90849917,732877.038198716,777268.6340068517,825923.860852746,879285.4426871251,940444.064147918,1007767.8770421664,1078945.2107609443,1157167.534318446,1243166.3804637769,1337749.2423342452,1446438.931820486,1566373.43822826,1693450.8090562986,1833377.67885052,1987488.3049368493,2157255.4903243114,2352638.052821892,2568530.2635540175,2797564.8387909182,3050035.874187693,3328376.9485744857,3648952.928144419,4003417.924406599,4313510.065130053
"North Port, FL",372505.47644158587,346339.1354093011,325046.28627311037,309310.1692890053,304392.5714532867,307599.35555449233,313232.6169040441,318402.3518255994,322748.294007548,326360.0821127309,329484.63933248306,332461.0056169428,335320.3062471774,338035.6829914796,340756.0211540056,343489.8145526956,346235.5008043678,349103.7665137826,351976.2176230542,354735.3235232753,357494.7511495787,360254.03699902125,363128.0435458372,366001.8392229904,368300.7722673396
"Ocala, FL",261353.62925327625,268747.1470777417,283829.2667768218,315952.6855417487,362405.31550503295,422816.41430320346,498353.7652115184,589090.2150736555,702066.8714345,842823.7295699989,1018280.7875748368,1247683.28970404,1535613.367143767,1882526.6615945,2286892.342907693,2179552.163354466,1916107.8715488529,1678655.501689635,1473247.6330543656,1302718.4324636357,1154671.2326463915,1106055.075837511,1340106.3184349698,1647867.3502030652,1949009.7542931552
"Ogden, UT",459097.6136362853,463264.73168664385,466476.7668759282,469109.1273571418,471216.2052018456,472099.66816488747,470997.9531833088,466989.37094927346,459027.8216232155,448450.8469321861,438692.6093193736,429595.4543265608,421485.3794738224,414575.5977395603,408453.5237542271,403060.7288455451,398343.1183213815,394097.12766810105,390468.7763588461,387533.6242231445,385091.359415275,383105.4217361196,381488.3345448782,380288.68234606617,379606.0032956514
"Oklahoma City, OK",230380.89890988672,240875.76875236884,252133.33834622192,264214.787150009,277189.0144414551,291741.35480326193,307419.87882416055,323644.7567030595,341108.91928938706,359916.0053450009,380178.32072245626,402976.0577248081,427609.4745796015,453170.3518235339,480751.2636777183,510521.1413689023,542663.0434854279,578900.7805856699,618130.6766410299,658909.2368964684,702980.4544421608,750619.6872509262,804390.3680970751,862661.8747809954,912741.0462321056
"Omaha, NE",297325.9537440646,314705.6410014762,333823.41515540617,354831.4339024082,377932.867407596,404485.8873066902,433803.0468000653,464894.26276348456,499169.20166048594,536972.1308055042,578684.5443653946,626783.3179169614,680044.2179443958,736677.8263692401,799257.1477124823,842952.7036249122,891466.2378285802,920465.896705464,974415.1607630324,1011718.3949805445,1046621.160013725,1044421.799687215,1091272.0639601478,1157162.8639274505,1228137.1863611294
"Orlando, FL",385172.8726389319,424488.43359883106,487079.90923126106,564777.9429954214,660944.1151325252,733480.7656644383,648308.7967996915,570273.1238113979,506359.6583194945,454089.3307300618,415892.79840560304,392209.5640966802,372044.24339465215,361984.4344359758,358341.27899920807,357828.76950868155,358469.3453958702,359403.2956612189,360164.14537097374,360508.5007425563,360339.11286923435,359558.31275521073,358024.1128642842,355760.2642900723,353469.92208455096
"Oxnard, CA",877769.2878443786,957778.593542599,1050361.7604870887,1157210.6909141594,1280510.6572783997,1429423.4640152704,1602163.5866507886,1794616.9080391263,2017217.3556935391,2274800.750806894,2470981.8460071036,2434399.836691614,2588905.59975785,2676191.9936422524,2644781.454690845,2731769.6041374146,2884375.092978694,3044925.7983823936,3178371.0445149546,3272751.7737685903,3290006.8828049903,3232215.1570325326,3272695.9897379186,3420231.8545296197,3495307.798018295
"Palm Bay, FL",281034.57304592256,261965.9007539265,246516.67845523197,234053.0325782076,224067.61033872483,215860.39668602712,209946.8150516545,209059.46018976823,211918.1229143545,216407.1270951415,220663.7940737674,224055.87541253123,226426.2333195317,228134.98416805343,229739.15025032897,231511.02448385104,233517.20953561203,235783.02031524852,238110.4509627906,240323.59918123097,242486.11176120405,244604.90221322444,246789.20002731355,248972.6460767987,250726.70178051977
"Pensacola, FL",275240.2684831479,265994.6578907611,257728.22989113093,250353.2749851772,243791.0040996103,237746.9848362606,232423.29948370627,227941.73980040615,224017.14365656025,220600.28618891584,217646.2930652525,215020.11815318695,212804.20956198368,211035.28591365335,209583.58095898968,208451.23709328077,208271.77248333232,209260.7048759489,210973.7873020967,212904.55410717757,214875.72304796075,216799.41475180036,218743.5354548557,220649.5297530139,222162.10290943924
"Peoria, IL",132547.12169631687,131990.1491616417,131418.70284703383,130879.8559066642,130372.49329608852,129876.53533904148,129411.99965576896,128995.17021389645,128605.70076920284,128242.66652215552,127905.1739325152,127580.02108484552,127280.35955174296,127016.31198071352,126774.4602030136,126554.0539751704,126354.36841280798,126167.7811827651,126001.87377758216,125861.77047480507,125739.67350581172,125634.97423570504,125543.89617172208,125470.18151560244,125423.20544769222
"Philadelphia, PA",354424.7328048774,371938.3111713303,393420.5431343705,421998.1452201696,456448.51198994694,496998.8411987495,542903.7252771035,592823.4489271768,649222.2844132655,712976.3092143084,785080.060214268,870363.997896875,967230.6757431286,1072878.582499692,1192540.924959272,1328112.6744975408,1481745.0323228023,1661337.5349713152,1746505.97976802,1678038.8115064714,1599961.985055344,1526398.08877149,1454184.6268720464,1386140.2211120306,1334526.5135230226
"Phoenix, AZ",396453.6353744608,365104.56316843815,339980.64464228746,319927.8096306081,304040.1849503557,291131.6977649636,281195.7845282696,275461.43113025255,274782.2323640528,277003.84910433384,280485.5555678891,284430.40851519804,288245.00567768974,291677.1700840109,294917.1722739661,298032.72409545054,301084.09779047966,304237.8985146729,307389.984682308,310422.62435608375,313462.608666585,316508.03619311407,319683.70220644906,322860.81918579753,325402.793933486
"Pittsburgh, PA",211526.37186329375,221924.84308086112,233167.91392594017,245331.27280954097,258500.52390074593,273397.82009743876,289586.5540362941,306485.33161260997,324830.484772906,344756.55376421916,366410.59361762455,390992.7895825925,417793.48050337494,445854.2834740961,476399.7412078886,509660.9735254454,545890.5987559488,587109.989517092,632140.419485386,679375.8959426513,730879.6339497027,787048.6624454173,851027.7385063395,920996.4545800427,981615.8130326136
"Port St. Lucie, FL",358804.886428442,337010.98796410253,309430.27856344666,285069.42461274256,267237.8263158382,256195.6641450057,250495.4620847421,248204.01226299535,247734.6867109756,248351.81270231932,249634.9322399979,251420.2827840912,253497.255624136,255678.1732084949,257982.2822260921,260371.7365519191,262820.69605662377,265415.903084486,268041.92703455884,270583.5562081505,273139.2049133285,275704.72676899994,278384.53926769446,281069.52894187655,283220.1698850823
"Portland, ME",545469.6943278919,602370.4116013848,668049.5131857799,743908.4156627833,831606.2375830185,937747.2846440888,1061142.816439199,1198926.2133748028,1358641.0726803762,1543861.8155498293,1758745.4274701392,2019637.3067260173,2323760.962636853,2664135.9135380243,3059460.988856682,3518692.0386867467,4052244.5504160486,4700870.605321704,5457815.543204897,6305791.442394104,7291446.996617709,8437221.433530638,9830756.58881628,11457655.002483914,12950887.644520752
"Portland, OR",558640.7566853012,609921.1994123735,673092.5001673681,746534.2705036774,832060.5957040709,936402.3191849962,1058721.694370245,1196489.102458242,1357579.6891504836,1546068.351734168,1766741.93110345,2037230.511746712,2322063.5778473387,2663743.175842098,3076652.2840238367,3560944.9059644,4129103.681525388,4826782.393500393,5649225.009218239,6561913.232679882,6944645.429732118,7772232.921843116,8900554.861055702,10462701.09696565,11772579.18543731
"Providence, RI",439696.3773668083,448910.5228687308,458259.64319046633,470294.93805305654,487217.5462785896,513885.5828084852,558496.5890840015,621009.2279176606,695086.0352715038,782226.5333023156,884816.3810852204,1011313.4837925074,1161111.1205087071,1331461.1693195973,1532456.091453107,1769692.178326798,2049787.7023369265,2396018.65902681,2806889.732525827,3274964.952957671,3828054.8855166063,4481684.7078998815,5290312.8832068695,6250574.179628675,7145306.926011303
"Provo, UT",544760.8705765879,601158.1452997801,674700.9068000491,762411.2554075395,867470.7108787809,999434.7111431826,1158707.3346033858,1343384.9460162187,1565530.8438562828,1832916.4748661655,2154925.192553125,2561254.2171854023,3053535.7275648825,3626138.9496489353,4316671.656414446,5101838.140459472,6009982.351197493,7188409.869751113,8546567.310401341,10258609.246071288,12319862.46384788,14807674.168418877,17828793.333453912,21234599.700917445,24785937.469789807
"Raleigh, NC",442700.6942793606,475220.50430991553,512318.8929485889,554257.6882754276,601719.7157134233,657926.0085191847,721875.0730746547,791770.822542163,871133.6295607332,961298.990916713,1063790.7989625183,1185654.606532202,1324798.3077010475,1477356.4669495411,1651042.6863382098,1848837.454394432,2074141.7105437203,2342536.360785951,2649495.3304283535,2986534.92498708,3370726.9661089745,3808723.144724813,4330886.261518636,4928474.989154345,5467423.315983128
"Reading, PA",274121.5267621214,293609.8519961944,315519.6196207342,340167.95814711513,367922.74324368144,400616.8079101897,437613.2764590197,477827.1768024801,523238.4651822609,574545.3132601657,632539.6789740932,701094.1040604482,778910.6880767097,863726.8744981043,959731.9300562604,1068428.869593311,1191522.6098226218,1337276.750829904,1502970.3467069007,1683805.7525206015,1888728.4097930568,2120973.989261512,2396168.55952388,2709205.160504143,2990009.5387053047
"Reno, NV",504650.98925403814,488078.3559338639,454879.33039609547,423412.3743083256,398032.15443005366,376906.6116028613,360787.9271310151,352126.5686836655,348788.1648325443,348726.7171499328,350471.87780778477,353269.39535802515,356535.92651462,359876.5299962492,363302.907084326,366764.82373343856,370240.2191486005,373865.0430211447,377490.8442468584,380971.4463408528,384451.6780445148,387931.5959228884,391556.2721905262,395180.8152703151,398080.38962433126
"Richmond, VA",374856.279632579,402704.9728839607,433939.20408632513,468989.9348718753,508358.7500365537,554612.4443335119,606815.3807840981,663408.5037075783,727150.9274505669,798982.2513801072,879965.5620395202,975438.6855983598,1083520.9618421204,1201010.422497522,1333652.5065116198,1398084.2232307866,1330253.2861228185,1264019.4930671123,1201942.9585546933,1146099.8694465226,1093685.7764523127,1044498.0880060672,1037710.3869966298,1145755.9802199996,1246392.624170327
"Riverside, CA",559317.3292558404,583322.6907548555,616107.606587544,666362.2545600767,753715.491143708,883991.7221702075,1045687.919382824,1238446.9949560894,1476715.9006903565,1771464.8031723427,2136308.232953968,2609934.5147288996,3200233.9659720943,3906538.809202026,4782143.938438794,5589647.047618406,5969314.591680948,6838237.486541659,7405822.739962335,8190689.063852618,8871453.762205439,10646103.09163378,13088577.766691407,16306752.504590029,17832054.78497146
"Rochester, NY",254837.14728208104,271319.01179518603,289595.09977754456,309867.8202554554,332371.838645217,358489.5178040189,387604.7081471905,418778.4744287387,453464.7450821644,492076.3468557613,535074.6262734776,585125.4387429657,641069.2855897256,701112.0793482033,768060.3716154861,842725.7697784756,926015.2699276744,1023118.0427338402,1131806.3783738643,1248604.9808335977,1378979.6260840257,1524525.9145875592,1694331.9682364475,1884519.5093124104,2052803.594436372
"Sacramento, CA",559978.6232742096,573138.8953766957,586858.1832527622,600682.254577909,613822.7003927012,625223.5018187364,632066.9347461764,631991.4091716007,624656.0594983617,612220.5861566528,598986.0243264611,588445.0200659783,582955.3837204039,582322.00630478,585227.6117663308,590732.1058628233,598121.929310165,607297.8038250869,617638.2758844384,628512.6664491922,640176.1259185831,652453.2018374525,665550.0292817409,678310.4071834893,687583.0145614458
"Salem, OR",443863.59946628707,478982.8908373986,523288.1232790503,573960.4510082717,632019.4115957264,701665.3853138717,781938.6763670443,870826.2914953124,973048.8214494304,1090681.871001072,1226124.1167393515,1339116.8288443675,1415403.2836145302,1492540.1893723614,1450285.4221404197,1580488.809450203,1754750.963321652,1974211.0139238304,2152973.2786857462,2439166.366882131,2779413.0677266726,3172119.369697929,3646298.27713611,4195951.8007738115,4485379.528047526
"Salinas, CA",764120.7130616171,807246.0356103961,879740.9890028816,970608.7252683382,1076879.984858123,1207110.2622007208,1360413.6428924245,1533749.155462818,1737151.9549260165,1975952.4381709537,2256425.986949841,2230371.741731447,2004283.5623511877,2256280.853626828,2189854.6931780125,1988369.0263800423,2231385.47407252,2092962.7312184188,1934111.5728434792,2113320.5879818057,1863856.8872694352,1590837.053970558,1364467.6969680472,1271799.0471096314,1387580.0606499438
"Salisbury, MD",440104.4441402462,483475.6699266625,534585.7648066591,594153.5949510513,663640.6946236414,748521.2813035063,848109.3084526466,960326.9424697198,1091561.9662593205,1245100.669344998,1424797.22669419,1644939.8038069038,1903866.9994130433,2196247.1658533756,2538777.608856723,2940124.5192328393,3410451.6441021897,3987290.187896454,4666406.6661024215,5433888.880478489,6333621.118092776,7388456.771080346,8682672.83042544,10206862.905669486,11616627.23248652
"Salt Lake City, UT",571136.6707165939,633962.2120482661,712205.3962222761,805290.9016578308,916194.369211596,1054711.5120781453,1220938.1246611811,1412569.2269818168,1641775.0634547442,1916088.750529132,2244553.670653815,2656582.593410093,3152824.398782395,3726631.683811543,4414633.744448849,5239724.755781653,6229388.79861004,7472657.570039732,8971860.85306639,10707154.025135892,12789500.797727054,15288479.71200098,18429214.197254874,22217871.022689007,25797005.42196405
"San Antonio, TX",283202.16281465744,290636.5365038944,302689.6700336672,320922.45878879324,342544.2696745454,367613.26071434846,395554.2528758903,425478.5072618192,458795.8680721105,495920.3847871753,537316.6319670379,585581.8767741085,639633.0175218111,697769.1491196676,762740.9885932128,835382.6746166266,916630.1330294296,1011626.2476450314,1118278.552636897,1233249.9635118444,1361992.5021728969,1506186.6134960444,1674996.0891370375,1864734.1304445036,2033153.773461469
"San Diego, CA",804294.090278577,775379.3581395164,743085.7851304845,714544.2921701792,689314.5099598477,666228.4763232733,646021.5400041038,629113.4313733531,614388.776039203,601635.8342382795,592450.9056036371,590073.3425943885,592962.5498102073,598585.1992095368,605272.9877036639,612078.5539289325,618607.3577444497,625025.6490856507,631133.0905915819,636807.1688363098,642390.3573133381,647943.6704503923,653731.5851695376,659535.7536934552,664191.3481661614
"San Francisco, CA",1084592.5925456344,1155816.0329355465,1264990.9049681288,1392425.1351751217,1539047.2067902305,1715717.1516584782,1920280.4371834716,2147859.555582884,2410802.0229203138,2714819.764258644,3066547.3007638915,3492452.5653019506,3987713.496627528,4540737.465495237,5181690.975525404,5924776.498062418,6786490.502458855,7832109.339330158,9050178.245009482,10412407.711510332,11993270.43648997,13828080.29225368,16056163.261491226,18653408.842362028,21034127.807331547
"San Jose, CA",1445465.4469633645,1596916.4563028591,1818086.1793226209,2087532.8991063288,2413623.8725419776,2827773.437320803,3333174.6247384488,3925677.1874107574,4646076.906046069,5522524.515845458,6589366.854470365,7950460.704764226,9617626.052509973,11578063.005615612,13967485.582442202,16880315.434358247,19369085.88797162,19731406.169070102,24180174.457435768,29336578.034284662,35619593.94473958,43282852.72143933,53076475.25169282,65089136.80987924,75686784.22397293
"Santa Maria, CA",935134.8942773248,1025137.7330562436,1129292.5471990334,1249815.022035741,1389397.1190360049,1558635.5053505625,1755724.7478055188,1976161.9033221116,2232091.4795353706,2529350.854844467,2874737.471400386,3294714.2482232847,3785016.914032718,4334569.745104785,4973744.095357246,5717279.864461511,6582341.198456501,7635454.71357786,8866147.35362143,10246746.539109478,11853648.032035124,13724071.390128978,16002050.40550767,18665100.51482876,21112262.359968767
"Santa Rosa, CA",764722.5496609582,809091.4336116846,876531.3625661797,956464.6683288312,1048438.3471939224,1159364.2604657316,1287897.7537616182,1430970.061013871,1596334.270726621,1787573.276389596,1889087.9567554104,2082079.04041724,2362345.1776603907,2673849.8526515095,3034697.788295595,3452839.496620245,3937483.968312211,4525232.292555887,5209520.423320667,5974340.258650326,6861383.133707083,7740502.618503225,8947445.76811084,10370420.598327754,11673610.03381846
"Savannah, GA",354234.8882738222,381484.1246629465,412079.9938612648,446450.8587918161,455317.8700387888,439369.6113104873,424857.99387792504,411879.4546678821,399772.2346229844,389878.7489319679,408893.052750282,442321.8664058479,474632.7292475028,466485.2246309679,451835.59074367274,438155.40780237695,425387.7465443087,413006.54032076173,408377.956039282,435137.1530956999,468323.69680410874,492142.0970867612,478036.296054427,463121.6616049192,451918.9311835019
"Scranton, PA",175796.98847969575,172856.59621942425,170131.11828086714,167629.98971263613,165337.66603245784,163159.9174501663,161179.5965101768,159963.16760006823,159816.2320464238,160100.67560161973,160560.89326902604,161145.16911605012,161778.71920929832,162428.64106400902,163115.97855437413,163838.1620452687,164592.71880791523,165410.68846897173,166257.90174332148,167096.8067333994,167958.12634058192,168839.65560885606,169777.31670824444,170732.21552180147,171507.1447689294
"Seattle, WA",712747.860046465,770898.7439023437,836823.3814168685,911594.640263506,996492.3044111076,1097373.5198008723,1212542.074347555,1338847.531369146,1482734.5156185932,1646746.4338779275,1833794.6312757763,2056949.9024586463,2312607.046041788,2593852.6853555907,2915094.054335056,3282117.078671707,3701544.6968178726,4202857.833198968,4778108.579510186,5411823.351055521,6136523.301007553,6965370.671577933,7956758.720520448,9095088.302659428,10124698.82999714
"Shreveport, LA",166169.50981311032,169676.322944927,173445.22640208714,177498.38047583713,181860.78825030036,186765.82326980695,192064.15624725612,197562.04889616743,203496.27648334423,209905.2196437992,216830.6350271952,224647.26764687695,233120.73143833867,241942.47464536107,251492.92336178583,261836.1755493741,273041.967316778,285721.1425071835,299497.26513784163,313870.038073892,324396.80778073525,315674.37637289223,305542.80932454136,296068.04511055915,288930.49532583036
"Spokane, WA",429387.2035252854,479665.17634823994,539983.8836151009,611512.8739118607,696446.9170744643,802148.7411296929,928530.7273254724,1073684.1164107346,1246656.878150493,1452895.5403311886,1698912.9619357598,2006306.814091603,2375067.9135734006,2799782.94257229,3307050.43467754,3913032.662479982,4637056.177932581,5542960.065358102,6630967.894656519,7885266.7626422765,9218772.896124257,10941911.807377232,12016230.928329904,11090675.842348544,11658048.722165316
"Springfield, MA",322741.3471348384,335896.5645981826,352889.4803452992,377714.0627901948,406242.6990450732,439808.5860809562,477750.9783896152,518953.15537898295,565440.6598782885,617922.5999803034,677203.2215504891,747231.6269332089,826673.3386671352,913213.134737987,1011120.998231718,1121922.130489886,1247346.36210595,1395801.008094461,1564502.4791040353,1748557.7289555676,1957064.24633747,2193302.5453998502,2473149.032716996,2791392.34121855,3076803.210190825
"Springfield, MO",259926.9425272534,277329.6651154946,296832.9726592262,318701.5667611387,343241.47406302317,372042.3207600086,404510.0016830237,439664.5429122665,479209.36613548733,523712.4969267911,573815.4534180001,632794.7233110842,699460.7116827165,771814.9339042535,853372.4251172236,945323.9270916716,1049014.2427213846,1171255.9970726387,1309611.2807863674,1459946.5235977443,1629574.413269817,1820991.0803072024,2046798.060333335,2302513.863700481,2530996.231571977
"St. Louis, MO",260033.4832288761,274362.8617821291,290146.0073745908,307537.3466054922,326713.15895529353,348812.58258327376,373274.67830685066,399280.47605789354,428015.0065220041,459777.37521326775,494899.47360099613,535485.1347564905,580519.1339219618,628500.4368199377,681619.28100823,740438.8095610641,805583.8935474633,880974.6523753621,964740.5518281008,1054096.3962952336,1153124.9838578363,1262886.5762199345,1390000.436559983,1531324.973806897,1655559.531906572
"Stockton, CA",494182.383038536,474039.3305997119,440806.05779883574,401503.1662840057,367590.552721357,344846.03258430056,334088.4155135354,331819.2767503838,333728.6791291788,337403.4894982063,341575.88526167296,345865.7695333358,349913.3545764051,353560.86383483635,357028.4752733184,360373.6464376316,363643.3155786475,367004.1063202132,370342.1989686053,373537.2872879189,376729.34850189934,379921.14564958314,383246.7708515379,386573.41906851175,389235.3754253896
"Syracuse, NY",239454.72185802096,255208.2908827555,272550.21796841983,291649.08754777914,312697.3302280002,336943.34730102244,363769.9509091324,392278.0813146842,423766.14204210584,458560.51247103553,497023.3189576998,541456.0825106147,590745.1338061047,643246.3617248491,701355.3841891591,765686.3996222283,836920.8770471249,919342.1552884056,1010902.2592648538,1108554.999746912,1216760.7922364224,1336675.4686473736,1475526.2300755149,1629877.250625535,1765546.1952912847
"Tallahassee, FL",276467.25193017663,296547.5799531467,319952.07080295956,346624.53624486673,377052.4392682944,413377.4800992338,455032.26127355505,500911.0788905784,553387.0131415272,613436.1387975825,682178.94553295,764502.6719736734,859164.5019044603,947505.0799659163,964682.522468026,1061152.7959748595,1195175.5940024997,1355662.6966089336,1470724.325160939,1571883.1703206387,1748807.1435612645,1770041.3726642532,1930879.462525275,1972263.4715342268,2072404.392321005
"Tampa, FL",349810.37309715006,336980.96806083474,313650.71367484384,292905.3223543354,275764.56119228154,261158.6606994533,249287.72878871555,240101.49933139625,232724.7466982722,227149.15788741596,224765.57905096968,224920.69402664373,226521.31465979933,228676.91071663823,231061.31883399465,233518.91240672223,235992.64745712455,238568.6470922885,241140.85983863915,243607.4436947288,246072.5674278546,248537.00414664633,251103.83469988505,253670.56912578203,255723.93955675143
"Toledo, OH",197101.7919899349,209020.99082367556,222232.2687837536,236883.66140500925,253142.688864748,272005.0829450688,293022.4015396325,315513.63651753886,340524.4696775686,368347.9912475948,399311.3849400328,435326.40989968955,475550.2186242949,518685.7388338729,566742.2870669499,620292.2979422713,679974.7940742575,749490.6279457572,827226.638748288,910682.519113286,1003749.6609007912,1107546.0863496086,1228520.7817751735,1363877.347902078,1483535.8846291252
"Trenton, NJ",400520.0821795738,430474.4553342268,464465.57945308887,503053.6871537773,546892.1941636291,575821.3606156191,549722.6091565692,524558.766786517,501519.6142846315,488431.6396811139,522468.5856136107,569450.4601063374,583844.4700415091,556250.8548184879,531495.7750275376,508832.9952436098,502112.2470896225,542312.6613496111,590404.9941122514,591295.9924224628,564554.0592491474,540067.0964132394,516773.4036346074,521763.3082172447,556479.0562036105
"Tucson, AZ",313048.8786233913,298479.0643539767,285718.979686409,274673.7503298994,265143.8347632777,256646.8135046762,249410.16419720752,243529.36155300503,238566.8063978766,235212.2645098731,233897.7392325581,234067.79572013507,235149.71503725703,236659.84599839663,238404.13818974025,240266.63285048792,242187.81643882277,244219.54975720003,246265.96744576388,248237.27447381776,250211.70114105407,252187.64085105716,254246.6812072291,256306.08663822067,257953.74379822327
"Tulsa, OK",222697.95373403284,233289.2610921538,244786.93953937,257275.43911754823,270850.4480555074,286269.16108251084,303092.1018189111,320723.186163996,339937.42332197214,360887.7057614001,383741.6914913194,409787.2839192988,438293.2628013047,468254.01114630536,500988.6455992539,536765.0533098286,575876.9925421554,620542.2361504735,669518.3913457432,721082.2871611221,777506.3860328407,839260.0604920532,909856.0715847152,987340.1390497524,1054684.6199437445
"Urban Honolulu, HI",834521.378593289,886877.2207062241,966056.1253048808,1062230.4907903022,1173074.2445190677,1306901.8514107382,1462169.9523046408,1635254.292403304,1835625.4120757852,2067750.3330561651,2336827.357335279,2663305.83495342,3043708.3477028087,3469323.909090743,3963567.239046138,4537673.145726652,5204715.647816163,6015721.782308171,6962349.864901441,8023095.495919388,9256443.782586291,10690650.892401077,12435688.973238893,14473839.414915413,16345298.651061872
"Vallejo, CA",556861.1758534887,576248.6064720481,605296.0407529837,652566.1872345124,715965.3874710762,792941.1808450414,882939.559984539,984032.7695804324,1101925.2793440518,1239494.654550055,1400111.3607991284,1596421.52380522,1826814.1838049768,2086439.1202549392,2390018.379855356,2745080.932837704,3160445.3926058137,3668996.2617466743,4266721.862351974,4899776.408636779,5573243.954995451,6475152.664600751,7293776.186511254,6564692.524210877,6164417.715358228
"Virginia Beach, VA",339996.7366762009,355297.5185161604,377927.5732006364,409099.9956752695,444913.1516011912,487565.5668861833,536370.3882790211,590018.3787083334,651272.7227139055,721253.7248657095,801246.6942022735,896907.02208377,1006759.439422401,1127892.9905670723,1266572.5307938394,1425382.3275254916,1607287.2729578794,1825223.8329863783,2075898.0568863305,2352704.2177301445,2669984.6649429067,3033700.6686037537,3469778.1382141877,3971678.5933519993,4426595.170496811
"Visalia, CA",343670.97797137033,383272.392265826,437259.63711027126,503320.8648035382,584310.7151191555,688488.2213221448,817222.348477291,970020.040230478,1158033.361571336,1389498.9835525325,1433499.5995815138,1219285.1597449975,1044679.5772314878,905756.1359598372,790066.9249210177,705720.2558400957,783855.959546655,930286.4417176796,1111460.9393932628,1326720.5018947052,1492524.224645419,1310220.5594251603,1124359.276753112,970255.9061010076,866101.7637016915
"Washington, DC",531161.901524447,513010.6104829608,494152.8830163656,477461.73691505875,462718.5895735542,449662.1921566702,441327.1276914008,437415.8859773196,436299.470444679,436955.4285903863,438696.684401721,441204.39738294657,444122.0061023021,447154.5698513519,450319.54496492265,453563.2539154632,456853.78854209866,460310.94899987907,463785.493219438,467130.86694271053,470481.82716416806,473836.1234693017,477332.2708390941,480829.64745355694,483628.0978038262
"Wichita, KS",222801.3326038591,235610.4954639383,249700.8823604101,265205.4016501803,282277.7080227071,301926.3448106699,323647.10175274697,346709.0996819309,372160.0539414831,400259.5401869875,431295.33865864715,467117.2290454736,506819.9982898358,549073.9045914093,595802.0929927416,647490.7233681459,704678.7800268104,770791.5962678982,844172.9199249115,922371.3979204986,1008949.76970223,1104818.5652767057,1215733.455056096,1338927.355546149,1447130.627551685
"Winston, NC",280762.289969249,298135.43944591586,317383.46570410253,338717.9229942045,362381.2925347888,389820.3447616386,420380.5387272082,453070.4252490995,489408.9313472151,529820.0929505638,574777.2266723501,627053.008805047,685421.1730440153,747997.8175546392,817696.4662802648,895344.8255932931,981866.7963948334,1082623.1864344082,1195271.737367655,1316186.5045358182,1451003.226396388,1601337.5628311008,1776523.7472648202,1972506.19592992,2145736.530589635
"Worcester, MA",478174.5669022668,521984.9572678137,572447.9346109863,630593.3492084419,697636.1510679,778539.7388967169,872300.7469000983,976649.5613594038,1097202.6657160055,1236522.7105304168,1397577.620394715,1592378.8469258908,1818588.6526449493,2070776.06304341,2362547.909161679,2700164.328100977,3090875.475281933,3563910.0453552944,4113670.648583662,4727003.621975094,5437034.911749838,6259057.011207573,7254633.83730887,8412046.138632573,9470413.993704446
"York, PA",255178.5860512044,250652.1556337946,245779.34181159383,241400.4941050026,237701.56857934312,234655.6077307016,232411.8484693037,230963.79127318237,230098.85892861328,229676.5333197848,229614.26633699468,229867.06584002657,230376.5609379982,231061.88303546453,231897.54794768372,232851.11694750132,233896.55032854053,235061.4697074855,236284.73878277585,237501.97162785105,238751.08158365532,240024.63934668913,241371.20762596725,242732.94796342624,243830.74714508507
"Youngstown, OH",159587.19776188504,168745.10026208888,178761.6848316275,179050.61744138142,178416.5663702455,188214.11638328977,191656.35628592013,188482.0321147699,184962.7708736976,180684.77992807372,179075.25141866412,188378.67807087424,200577.86060168289,201551.22998453365,198679.56330175084,200173.37791510124,211405.57491438545,208264.5881842843,206125.09502337975,208255.4962061824,205727.01496210057,206127.55524150608,210728.00165954969,209281.39339113105,205834.50317852228
